<?xml version="1.0" encoding="UTF-8"?>
<config xmlns="http://www.knime.org/2008/09/XMLConfig" xmlns:xsi="http://www.w3.org/2001/XMLSchema-instance" xsi:schemaLocation="http://www.knime.org/2008/09/XMLConfig http://www.knime.org/XMLConfig_2008_09.xsd" key="preprocessing">
<config key="preprocColumns">
<entry key="array-size" type="xint" value="6"/>
<entry key="0" type="xstring" value="PassengerId"/>
<entry key="1" type="xstring" value="Survived"/>
<entry key="2" type="xstring" value="Pclass"/>
<entry key="3" type="xstring" value="Age"/>
<entry key="4" type="xstring" value="SibSp"/>
<entry key="5" type="xstring" value="Parch"/>
</config>
</config>
